filename	name	created	url	license	rightsHolder
719082.jpg	Helvella dryophila	2017-02-26	https://mushroomobserver.org/images/640/719082.jpg	http://creativecommons.org/licenses/by-sa/3.0/	Dave Carr
767993.jpg	Hydnellum aurantiacum	2016-08-17	https://mushroomobserver.org/images/640/767993.jpg	http://creativecommons.org/licenses/by-nc-sa/3.0/	Drew Henderson
538245.jpg	Suillus spraguei	2015-07-12	https://mushroomobserver.org/images/640/538245.jpg	http://creativecommons.org/licenses/by-nc-sa/3.0/	Dave W
444343.jpg	Agaricus placomyces	2014-08-12	https://mushroomobserver.org/images/640/444343.jpg	http://creativecommons.org/licenses/by-sa/3.0/	Eva Skific
1282824.jpg	Cantharellus cascadensis	2020-11-12	https://mushroomobserver.org/images/640/1282824.jpg	http://creativecommons.org/licenses/by-sa/3.0/	Drew Henderson
212649.jpg	Psilocybe zapotecorum	2012-04-13	https://mushroomobserver.org/images/640/212649.jpg	http://creativecommons.org/licenses/by-sa/3.0/	Alan Rockefeller
302530.jpg	Entoloma	2013-01-16	https://mushroomobserver.org/images/640/302530.jpg	http://creativecommons.org/licenses/by-sa/3.0/	Jimmy Craine
1119434.jpg	Postia fragilis	2019-11-08	https://mushroomobserver.org/images/640/1119434.jpg	http://creativecommons.org/licenses/by-sa/3.0/	Drew Henderson
380936.jpg	Onnia circinata	2013-02-08	https://mushroomobserver.org/images/640/380936.jpg	http://creativecommons.org/licenses/by-sa/3.0/	Thomas Laxton
404885.jpg	Veluticeps fimbriata	2014-02-21	https://mushroomobserver.org/images/640/404885.jpg	http://creativecommons.org/licenses/by-nc-sa/3.0/	Oluna & Adolf Ceska
1051285.jpg	Pluteus	2019-06-24	https://mushroomobserver.org/images/640/1051285.jpg	http://creativecommons.org/licenses/by-sa/3.0/	Eva Skific
354638.jpg	Leucoagaricus americanus	2013-08-04	https://mushroomobserver.org/images/640/354638.jpg	http://creativecommons.org/licenses/by-sa/3.0/	Jon Shaffer
571734.jpg	Caulorhiza umbonata	2015-10-28	https://mushroomobserver.org/images/640/571734.jpg	http://creativecommons.org/licenses/by-sa/3.0/	Jacob Kalichman
1169390.jpg	Schizophyllum commune	2019-10-11	https://mushroomobserver.org/images/640/1169390.jpg	http://creativecommons.org/licenses/by-sa/3.0/	Heather Waterman
481927.jpg	Leucoagaricus leucothites	2012-12-14	https://mushroomobserver.org/images/640/481927.jpg	http://creativecommons.org/licenses/by-nc-sa/3.0/	North American Mycological Association
133582.jpg	Psathyrella longistriata	2011-02-06	https://mushroomobserver.org/images/640/133582.jpg	http://creativecommons.org/licenses/by-sa/3.0/	Drew Henderson
896878.jpg	Hohenbuehelia petaloides	2018-07-23	https://mushroomobserver.org/images/640/896878.jpg	http://creativecommons.org/licenses/by-sa/3.0/	Dave W
488950.jpg	Armillaria gallica	2014-12-05	https://mushroomobserver.org/images/640/488950.jpg	http://creativecommons.org/licenses/by-sa/3.0/	Elsa
579164.jpg	Trametes versicolor	2015-11-28	https://mushroomobserver.org/images/640/579164.jpg	http://creativecommons.org/licenses/by-sa/3.0/	zaca
312130.jpg	Helvellosebacina concrescens	2013-02-22	https://mushroomobserver.org/images/640/312130.jpg	http://creativecommons.org/licenses/by-sa/3.0/	Alan Rockefeller
1016393.jpg	Tubaria furfuracea	2019-03-13	https://mushroomobserver.org/images/640/1016393.jpg	http://creativecommons.org/licenses/by-sa/3.0/	Judi Thomas
591768.jpg	Russula	2016-01-18	https://mushroomobserver.org/images/640/591768.jpg	http://creativecommons.org/licenses/by-sa/3.0/	Eva Skific
394356.jpg	Psilocybe caerulipes	2013-12-15	https://mushroomobserver.org/images/640/394356.jpg	http://creativecommons.org/licenses/by-sa/3.0/	Caleb Brown
745418.jpg	Gyromitra esculenta	2017-05-18	https://mushroomobserver.org/images/640/745418.jpg	http://creativecommons.org/licenses/by-sa/3.0/	Ruzica and Sava Krstic
259071.jpg	Hapalopilus croceus	2012-09-04	https://mushroomobserver.org/images/640/259071.jpg	http://creativecommons.org/licenses/by-sa/3.0/	John S. Harper
526061.jpg	Parasola	2015-06-07	https://mushroomobserver.org/images/640/526061.jpg	http://creativecommons.org/licenses/by-sa/3.0/	Eduardo A. Esquivel Rios
480812.jpg	Agaricus bernardi	2014-11-11	https://mushroomobserver.org/images/640/480812.jpg	http://creativecommons.org/licenses/by-nc-sa/3.0/	Christian
73507.jpg	Russula sanguinea	2010-01-10	https://mushroomobserver.org/images/640/73507.jpg	http://creativecommons.org/licenses/by-sa/3.0/	Micah Courteau
483734.jpg	Cryptoporus volvatus	2012-12-14	https://mushroomobserver.org/images/640/483734.jpg	http://creativecommons.org/licenses/by-nc-sa/3.0/	North American Mycological Association
589614.jpg	Cortinarius marylandensis	2016-01-09	https://mushroomobserver.org/images/640/589614.jpg	http://creativecommons.org/licenses/by-nc-sa/3.0/	Martin Livezey
203551.jpg	Panellus stipticus	2012-03-10	https://mushroomobserver.org/images/640/203551.jpg	http://creativecommons.org/licenses/by-sa/3.0/	amy_e
441288.jpg	Hemimycena mauretanica	2014-07-25	https://mushroomobserver.org/images/640/441288.jpg	http://creativecommons.org/licenses/by-nc-sa/3.0/	Oluna & Adolf Ceska
403006.jpg	Lycoperdon umbrinum	2014-02-10	https://mushroomobserver.org/images/640/403006.jpg	http://creativecommons.org/licenses/by-sa/3.0/	George Riner
789214.jpg	Stereum ostrea	2017-09-14	https://mushroomobserver.org/images/640/789214.jpg	http://creativecommons.org/licenses/by-sa/3.0/	Phil Yeager
1101372.jpg	Lycoperdon	2019-10-08	https://mushroomobserver.org/images/640/1101372.jpg	http://creativecommons.org/licenses/by-sa/3.0/	Eva Skific
1272820.jpg	Sebacina incrustans	2020-08-17	https://mushroomobserver.org/images/640/1272820.jpg	http://creativecommons.org/licenses/by-nc-sa/3.0/	John Plischke
1255278.jpg	Leccinum fibrillosum	2020-10-03	https://mushroomobserver.org/images/640/1255278.jpg	http://creativecommons.org/licenses/by-sa/3.0/	Drew Henderson
911912.jpg	Amanita thiersii	2018-08-05	https://mushroomobserver.org/images/640/911912.jpg	http://creativecommons.org/licenses/by-sa/3.0/	Judi Thomas
316130.jpg	Craterellus calicornucopioides	2013-03-17	https://mushroomobserver.org/images/640/316130.jpg	http://creativecommons.org/licenses/by-sa/3.0/	Thomas Laxton
833519.jpg	Russula rhodocephala	2018-01-06	https://mushroomobserver.org/images/640/833519.jpg	http://creativecommons.org/licenses/by-sa/3.0/	Pgrunow
696352.jpg	Marasmius plicatulus	2016-11-29	https://mushroomobserver.org/images/640/696352.jpg	http://creativecommons.org/licenses/by-sa/3.0/	Rand Workman
1197031.jpg	Megacollybia rodmanii	2020-06-27	https://mushroomobserver.org/images/640/1197031.jpg	http://creativecommons.org/licenses/by-sa/3.0/	pskept
965521.jpg	Chlorophyllum hortense	2018-09-11	https://mushroomobserver.org/images/640/965521.jpg	http://creativecommons.org/licenses/by-nc-sa/3.0/	Jared McRae
1287579.jpg	Xylobolus frustulatus	2020-11-28	https://mushroomobserver.org/images/640/1287579.jpg	http://creativecommons.org/licenses/by-sa/3.0/	Huafang
807028.jpg	Tricholoma aurantium	2017-11-03	https://mushroomobserver.org/images/640/807028.jpg	http://creativecommons.org/licenses/by-sa/3.0/	Eva Skific
113656.jpg	Clitocybe nuda	2010-10-22	https://mushroomobserver.org/images/640/113656.jpg	http://creativecommons.org/licenses/by-sa/3.0/	Hamilton
320428.jpg	Phlebopus	2013-04-03	https://mushroomobserver.org/images/640/320428.jpg	http://creativecommons.org/licenses/by-sa/3.0/	Ian Dodd  (kk)   (www.kundabungkid.com) Australia
780292.jpg	Paxillus involutus	2017-08-26	https://mushroomobserver.org/images/640/780292.jpg	http://creativecommons.org/licenses/by-sa/3.0/	Dave W
840856.jpg	Xerocomellus dryophilus	2018-01-23	https://mushroomobserver.org/images/640/840856.jpg	http://creativecommons.org/licenses/by-sa/3.0/	Pgrunow
991745.jpg	Gomphus clavatus	2018-01-14	https://mushroomobserver.org/images/640/991745.jpg	http://creativecommons.org/licenses/by-sa/3.0/	George Riner
379861.jpg	Armillaria tabescens	2013-10-26	https://mushroomobserver.org/images/640/379861.jpg	http://creativecommons.org/licenses/by-sa/3.0/	Richard Kneal
769107.jpg	Cortinarius armillatus	2015-09-23	https://mushroomobserver.org/images/640/769107.jpg	http://creativecommons.org/licenses/by-nc-sa/3.0/	Oluna & Adolf Ceska
1245264.jpg	Hydnellum concrescens	2020-09-12	https://mushroomobserver.org/images/640/1245264.jpg	http://creativecommons.org/licenses/by-sa/3.0/	Huafang
1252533.jpg	Lentinus tigrinus	2020-09-26	https://mushroomobserver.org/images/640/1252533.jpg	http://creativecommons.org/licenses/by-nc-sa/3.0/	Andrew Khitsun
991620.jpg	Pleurotus ostreatus	2019-01-04	https://mushroomobserver.org/images/640/991620.jpg	http://creativecommons.org/licenses/by-sa/3.0/	Ian Blaylock
484849.jpg	Suillus brevipes	2014-11-24	https://mushroomobserver.org/images/640/484849.jpg	http://creativecommons.org/licenses/by-nc-sa/3.0/	North American Mycological Association
519557.jpg	Parmelia sulcata	2015-05-02	https://mushroomobserver.org/images/640/519557.jpg	http://creativecommons.org/licenses/by-sa/3.0/	zaca
939865.jpg	Boletus patrioticus	2018-10-08	https://mushroomobserver.org/images/640/939865.jpg	http://creativecommons.org/licenses/by-sa/3.0/	Chris Cassidy
724395.jpg	Psilocybe aztecorum	2012-10-03	https://mushroomobserver.org/images/640/724395.jpg	http://creativecommons.org/licenses/by-sa/3.0/	Alan Rockefeller
473111.jpg	Hygrophorus purpurascens	2014-10-22	https://mushroomobserver.org/images/640/473111.jpg	http://creativecommons.org/licenses/by-sa/3.0/	Eva Skific
850179.jpg	Xylobolus frustulatus	2018-02-24	https://mushroomobserver.org/images/640/850179.jpg	http://creativecommons.org/licenses/by-sa/3.0/	cmy610
885507.jpg	Lycoperdon marginatum	2017-06-19	https://mushroomobserver.org/images/640/885507.jpg	http://creativecommons.org/licenses/by-sa/3.0/	Casandra McWest
359272.jpg	Amanita labiliannulus	2013-08-17	https://mushroomobserver.org/images/640/359272.jpg	http://creativecommons.org/licenses/by-sa/3.0/	Jon Shaffer
773458.jpg	Amanita frostiana	2017-08-10	https://mushroomobserver.org/images/640/773458.jpg	http://creativecommons.org/licenses/by-sa/3.0/	Dave W
1257165.jpg	Lepista nuda	2020-10-07	https://mushroomobserver.org/images/640/1257165.jpg	http://creativecommons.org/licenses/by-sa/3.0/	Eva Skific
181670.jpg	Crepidotus	2011-11-12	https://mushroomobserver.org/images/640/181670.jpg	http://creativecommons.org/licenses/by-sa/3.0/	Alan Rockefeller
1256423.jpg	Physarum polycephalum	2020-10-05	https://mushroomobserver.org/images/640/1256423.jpg	http://creativecommons.org/licenses/by-sa/3.0/	Norton
395061.jpg	Inocybe rennyi	2013-12-31	https://mushroomobserver.org/images/640/395061.jpg	http://creativecommons.org/licenses/by-nc-sa/3.0/	Oluna & Adolf Ceska
1254152.jpg	Cortinarius triumphans	2020-10-02	https://mushroomobserver.org/images/640/1254152.jpg	http://creativecommons.org/licenses/by-sa/3.0/	Eva Skific
574046.jpg	Terana caerulea	2015-10-30	https://mushroomobserver.org/images/640/574046.jpg	http://creativecommons.org/licenses/by-nc-sa/3.0/	amadej trnkoczy
136565.jpg	Heterotextus	2011-03-08	https://mushroomobserver.org/images/640/136565.jpg	http://creativecommons.org/licenses/by-sa/3.0/	Drew Henderson
982309.jpg	Trichoderma flavipes	2018-12-21	https://mushroomobserver.org/images/640/982309.jpg	http://creativecommons.org/licenses/by-sa/3.0/	Debbie Klein
791747.jpg	Hypomyces lactifluorum	2017-09-25	https://mushroomobserver.org/images/640/791747.jpg	http://creativecommons.org/licenses/by-sa/3.0/	Chris Neefus
663153.jpg	Mycetinis scorodonius	2016-09-13	https://mushroomobserver.org/images/640/663153.jpg	http://creativecommons.org/licenses/by-sa/3.0/	Igor
524603.jpg	Ganoderma tsugae	2015-06-03	https://mushroomobserver.org/images/640/524603.jpg	http://creativecommons.org/licenses/by-sa/3.0/	Eva Skific
563980.jpg	Phlyctis agelaea	2015-10-11	https://mushroomobserver.org/images/640/563980.jpg	http://creativecommons.org/licenses/by-sa/3.0/	zaca
799707.jpg	Tetrapyrgos nigripes	2017-10-13	https://mushroomobserver.org/images/640/799707.jpg	http://creativecommons.org/licenses/by-sa/3.0/	Judi Thomas
1109723.jpg	Tricholoma aestuans	2019-10-23	https://mushroomobserver.org/images/640/1109723.jpg	http://creativecommons.org/licenses/by-sa/3.0/	Eva Skific
342524.jpg	Hypochnicium bombycinum	2013-06-27	https://mushroomobserver.org/images/640/342524.jpg	http://creativecommons.org/licenses/by-nc-sa/3.0/	Gerhard Koller
1212169.jpg	Pulchroboletus rubricitrinus	2020-07-27	https://mushroomobserver.org/images/640/1212169.jpg	http://creativecommons.org/licenses/by-sa/3.0/	MushDrywM
754702.jpg	Capitotricha fagiseda	2017-07-04	https://mushroomobserver.org/images/640/754702.jpg	http://creativecommons.org/licenses/by-nc-sa/3.0/	Oluna & Adolf Ceska
185131.jpg	Quercus chrysolepis	2011-11-25	https://mushroomobserver.org/images/640/185131.jpg	http://creativecommons.org/licenses/by-sa/3.0/	Byrain
999799.jpg	Clitocybe salmonilamella	2019-01-24	https://mushroomobserver.org/images/640/999799.jpg	http://creativecommons.org/licenses/by-sa/3.0/	Alan Rockefeller
515100.jpg	Ganoderma oregonense	2015-04-04	https://mushroomobserver.org/images/640/515100.jpg	http://creativecommons.org/licenses/by-nc-sa/3.0/	Drew Henderson
475499.jpg	Tricholoma magnivelare	2014-10-26	https://mushroomobserver.org/images/640/475499.jpg	http://creativecommons.org/licenses/by-sa/3.0/	Nathan Wilson
828680.jpg	Amanita pseudobreckonii	2017-12-16	https://mushroomobserver.org/images/640/828680.jpg	http://creativecommons.org/licenses/by-sa/3.0/	Kingman Bond Graham
136322.jpg	Helvella acetabulum	2011-03-06	https://mushroomobserver.org/images/640/136322.jpg	http://creativecommons.org/licenses/by-nc-sa/3.0/	Darvin DeShazer
380935.jpg	Onnia circinata	2013-02-08	https://mushroomobserver.org/images/640/380935.jpg	http://creativecommons.org/licenses/by-sa/3.0/	Thomas Laxton
549880.jpg	Entoloma strictius	2015-08-22	https://mushroomobserver.org/images/640/549880.jpg	http://creativecommons.org/licenses/by-nc-sa/3.0/	Stephen Russell
432111.jpg	Lactarius azonites	2014-07-07	https://mushroomobserver.org/images/640/432111.jpg	http://creativecommons.org/licenses/by-sa/3.0/	zaca
310641.jpg	Botryobasidium subcoronatum	2013-02-17	https://mushroomobserver.org/images/640/310641.jpg	http://creativecommons.org/licenses/by-nc-sa/3.0/	Gerhard Koller
579302.jpg	Amanita	2015-11-28	https://mushroomobserver.org/images/640/579302.jpg	http://creativecommons.org/licenses/by-sa/3.0/	Adam tharp
94352.jpg	Amanita daucipes	2010-07-19	https://mushroomobserver.org/images/640/94352.jpg	http://creativecommons.org/licenses/by-sa/3.0/	AmatoxinApocalypse
614915.jpg	Morchella brunnea	2016-04-15	https://mushroomobserver.org/images/640/614915.jpg	http://creativecommons.org/licenses/by-nc-sa/3.0/	Chris Schoenstein
800637.jpg	Oudemansiella	2017-10-10	https://mushroomobserver.org/images/640/800637.jpg	http://creativecommons.org/licenses/by-sa/3.0/	Jacob Kalichman
300910.jpg	Phaeoclavulina myceliosa	2013-01-08	https://mushroomobserver.org/images/640/300910.jpg	http://creativecommons.org/licenses/by-sa/3.0/	Alan Rockefeller
303109.jpg	Helvella	2012-08-11	https://mushroomobserver.org/images/640/303109.jpg	http://creativecommons.org/licenses/by-sa/3.0/	Eva Skific
416493.jpg	Marasmius oreades	2014-04-23	https://mushroomobserver.org/images/640/416493.jpg	http://creativecommons.org/licenses/by-sa/3.0/	Daniel B. Wheeler
764730.jpg	Russula flavisiccans	2017-07-29	https://mushroomobserver.org/images/640/764730.jpg	http://creativecommons.org/licenses/by-sa/3.0/	Eva Skific
1022004.jpg	Eutypa flavovirens	2019-04-05	https://mushroomobserver.org/images/640/1022004.jpg	http://creativecommons.org/licenses/by-nc-sa/3.0/	Oluna & Adolf Ceska
